<?xml version="1.0" encoding="UTF-8"?>
<project-private xmlns="http://www.netbeans.org/ns/project-private/1">
    <editor-bookmarks xmlns="http://www.netbeans.org/ns/editor-bookmarks/2" lastBookmarkId="0"/>
    <open-files xmlns="http://www.netbeans.org/ns/projectui-open-files/2">
        <group>
            <file>file:/D:/Assignments/EletronicHealthManagement/EletronicHealthManagement/src/eletronichealthmanagement/Patient.java</file>
            <file>file:/D:/Assignments/EletronicHealthManagement/EletronicHealthManagement/src/eletronichealthmanagement/Doctor.java</file>
            <file>file:/D:/Assignments/EletronicHealthManagement/EletronicHealthManagement/src/eletronichealthmanagement/doctorfile.java</file>
            <file>file:/D:/Assignments/EletronicHealthManagement/EletronicHealthManagement/src/eletronichealthmanagement/home.java</file>
            <file>file:/D:/Assignments/EletronicHealthManagement/EletronicHealthManagement/src/eletronichealthmanagement/LoginFrame.java</file>
            <file>file:/D:/Assignments/EletronicHealthManagement/EletronicHealthManagement/src/eletronichealthmanagement/patientfile.java</file>
        </group>
    </open-files>
</project-private>
